NO	ENGGANO	IN_FLEX	INCLUDE	POS	PHONEME	SENSE_ID	VARIANT	VARIANT_PHONEME	MAIN_ENTRY	MAIN_ENTRY_IDN	MAIN_ENTRY_EN	CROSSREF	INDONESIAN	ENGLISH	NOTES_EN	NOTES_ID	GAMBAR	URL
1	abu̇	NA	NA	n	/abɨ/	NA	NA	NA	NA	NA	NA	NA	belukar	thicket	NA	NA	NA	NA
2	abeh	y	NA	n	/abeh/	NA	NA	NA	NA	NA	NA	NA	bambu	bamboo	NA	NA	NA	NA
3	abeh ka'kuni'	NA	NA	n	/abeh kaʔkuniʔ/	NA	NA	NA	abeh	bambu	bamboo	NA	bambu kuning	yellow bamboo	A species of bamboo, slender yellow stems, which form strange zigzag patterns as they grow.	Spesies bambu, batang kuning ramping, yang membentuk pola zig-zag yang aneh saat mereka tumbuh.	NA	NA
4	amai	y	NA	n	/amaj/	NA	iamai	/iamaj/	NA	NA	NA	NA	tebu	sugarcane	NA	NA	NA	NA
5	anima	y	NA	n	/anima/	NA	NA	NA	NA	NA	NA	NA	pandan	pandanus palm	a type of monocot plant from the Pandanaceae family that has distinctive fragrant leaves.	sejenis tanaman monokotil dari keluarga Pandanaceae yang memiliki daun wangi yang khas.	NA	NA
6	apu	y	NA	n	/apu/	NA	apua	/apua/	NA	NA	NA	NA	jenis kayu (pohon apuah)	tree species (apuah tree)	NA	NA	NA	NA
7	arkih	y	NA	n	/arkih/	NA	NA	NA	NA	NA	NA	NA	beras	rice	Old Enggano, it is  “kaukih”, “terorkih”	Di bahasa Enggano Mula (Old Enggano), disebut “kaukih”, “terorkih”	NA	NA
8	aruki	NA	NA	n	/aruki/	NA	NA	NA	NA	NA	NA	NA	bakau runcing	pointed mangrove	NA	NA	NA	NA
9	atam	y	NA	n	/atam/	NA	NA	NA	NA	NA	NA	NA	asam	tamarind	NA	NA	NA	NA
10	ba	y	NA	n	/ba/	NA	ba'	/baʔ/	NA	NA	NA	NA	ubi rambat/jalar	yam (cassava species)	NA	NA	NA	NA
11	ba'au	y	NA	n	/baʔaw/	NA	NA	NA	NA	NA	NA	NA	jambu	guava	NA	NA	NA	NA
12	ba'iob	NA	NA	n	/baʔjob/	NA	ba'iom ; ba'iok	NA	ba	ubi rambat/jalar	yam (cassava species)	NA	tumbuhan merambat yang batangnya digunakan sebagai tali	a climbing plant whose stems are used as rope	NA	NA	NA	NA
13	ba'iok	NA	FALSE	n	/baʔiok/	NA	NA	NA	ba	ubi rambat/jalar	yam (cassava species)	NA	ubi jalar pantai	coastal sweet potato	NA	NA	NA	NA
14	ba'iom	NA	FALSE	n	/baʔiom/	NA	NA	NA	ba	ubi rambat/jalar	yam (cassava species)	NA	ubi jalar hutan	forest sweet potato	NA	NA	NA	NA
15	bakayė	y	NA	n	/bakajə/	NA	barkaiė ; barkayė	/barkajə/ ; /barkajə/	NA	NA	NA	NA	sirsak/srikaya	soursop	NA	NA	NA	NA
16	bėdėa	NA	NA	n	/bədəa/	NA	NA	NA	NA	NA	NA	NA	bayur	bayur	NA	NA	NA	NA
17	be po	y	NA	n	/be pɔ/	NA	NA	NA	po	kelapa	coconut	NA	air kelapa	coconut water	NA	NA	NA	NA
18	beua	NA	NA	n	/bɛwa/	NA	NA	NA	NA	NA	NA	NA	ketapang pantai	coastal ketapang	NA	NA	NA	NA
19	cena'wan	NA	NA	n	/cenaʔwan/	NA	NA	NA	NA	NA	NA	karepor	jamur	mushroom	NA	NA	NA	NA
20	dadė	y	NA	n	/dadə/	NA	NA	NA	NA	NA	NA	NA	cabe	chili	NA	NA	NA	NA
21	dadė nu'pũ	NA	NA	n	/dadə nuʔpũ/	NA	NA	NA	dadė	cabe	chili	NA	merica	pepper	NA	NA	NA	NA
22	dakõah	NA	NA	n	/dakõah/	NA	NA	NA	NA	NA	NA	NA	lengkuas	galangal	NA	NA	NA	NA
23	didur	NA	NA	n	/didur/	NA	NA	NA	NA	NA	NA	NA	kuncup bunga	flower bud	NA	NA	NA	NA
24	dih kõ'kõ'	NA	NA	n	dih kõ'kõ'	NA	NA	NA	dih	daun muda; pucuk	young leaf; shoots	pururu	daun muda nipah	young palm leaves	NA	NA	NA	NA
25	dobah	NA	FALSE	n	/dobah/	NA	NA	NA	NA	NA	NA	NA	belukar	thicket	dobah hiuk ‘batas kampung’	“dobah hiuk” ‘batas kampung’	NA	NA
26	do'bed	NA	NA	n	/doʔbed/	NA	NA	NA	NA	NA	NA	yẽãp	akar air	water roots	“do'bed” is a wild root that grows in the forest. It contains enough water that you can drink directly	“do'bed” adalah akar liar yang tumbuh di hutan. Akar ini mengandung cukup air sehingga Anda dapat meminumnya secara langsung	NA	NA
27	doto	y	NA	n	/dɔtɔ/	NA	NA	NA	NA	NA	NA	NA	daun puding	puding leaf	NA	NA	NA	NA
28	du	NA	NA	n	/du/	NA	NA	NA	NA	NA	NA	pit	getah	sap	NA	NA	NA	NA
29	du:de	NA	NA	Adjective	/du:de/	NA	NA	NA	NA	NA	NA	NA	lengket	sticky	NA	NA	NA	NA
30	dudiad	y	NA	n	/dudiad/	NA	NA	NA	NA	NA	NA	NA	durian	durian fruit	NA	NA	NA	NA
31	ea' po	NA	NA	n	/eaʔ pɔ/	NA	NA	NA	po	kelapa	coconut	NA	kelapa tua	old coconut	NA	NA	NA	NA
32	e'a po	NA	NA	n	/eʔa po/	NA	ea po	NA	po	kelapa	coconut	NA	tempurung kelapa	coconut shell	NA	NA	NA	NA
33	ẽãh po	NA	NA	n	/ẽãh pɔ/	NA	NA	NA	po	kelapa	coconut	NA	kelapa muda	young coconut	NA	NA	NA	NA
34	yẽãp	y	NA	n	/ẽãp/	NA	ẽãp	/ẽãp/	NA	NA	NA	NA	akar	root	NA	NA	NA	NA
35	yẽãp po	NA	NA	n	/ẽãp pɔ/	NA	NA	NA	yẽãp	akar	root	po	akar kelapa	coconut roots	NA	NA	NA	NA
36	awa'	y	NA	n	/auaʔ/	NA	eaua'	/eauaʔ/	NA	NA	NA	NA	bakau	mangrove	NA	NA	NA	NA
37	dih	y	NA	n	/dih/	NA	edih	/edih/	NA	NA	NA	NA	daun muda; pucuk	young leaf; shoots	NA	NA	NA	NA
38	ei'be	NA	NA	n	/eiʔbe/	NA	NA	NA	NA	NA	NA	NA	alang-alang	reeds	NA	NA	NA	NA
39	eiu̇h	NA	NA	n	/eiɨh/	NA	NA	NA	NA	NA	NA	NA	rengas	rengas tree	Most of these tree species produce good quality and beautiful red wood. The smell is like jambu monyet.	Sebagian besar spesies pohon ini menghasilkan kayu merah yang berkualitas baik dan indah. Aromanya seperti jambu monyet.	NA	NA
40	ke'	y	NA	n	/keʔ/	NA	NA	NA	NA	NA	NA	NA	duri rotan	rattan thorns	NA	NA	NA	NA
41	u̇ki	y	NA	n	/ɨki/	NA	ėki	/əki/	NA	NA	NA	NA	mangga	mango	NA	NA	NA	NA
42	u̇ki ha'ku	NA	NA	n	/ɨki haʔku/	NA	ėki ha'ku	/əki haʔku/	u̇ki	mangga	mango	NA	mangga hutan	forest mango	NA	NA	NA	NA
43	ku	y	NA	n	/ku/	NA	eku	/ɛku/	NA	NA	NA	NA	kayu	wood	NA	NA	NA	NA
44	ep	NA	NA	n	/ɛp/	NA	NA	NA	NA	NA	NA	none'e	nibung	nibung	Nibung is a type of palm that grows in the swamps of Southeast Asia, from Indochina to Kalimantan	Nibung adalah jenis palem yang tumbuh di rawa-rawa di Asia Tenggara, dari Indocina hingga Kalimantan	NA	NA
45	po	y	NA	n	/pɔ/	NA	epo	/ɛpɔ/	NA	NA	NA	NA	kelapa	coconut	NA	NA	NA	NA
46	ho'ku	y	NA	n	/hoʔku/	NA	ha'kũ	/haʔkũ/	NA	NA	NA	NA	hutan	forest	NA	NA	NA	NA
47	hiėb	NA	NA	n	/hiəb/	NA	NA	NA	NA	NA	NA	NA	terap	a kind of breadfruit	NA	NA	NA	NA
48	yė̃p	y	NA	n	/jə̃p/	NA	hiė̃p	/hiə̃p/	NA	NA	NA	NA	rumput	grass	NA	NA	NA	NA
49	yė̃p yãpã	NA	NA	n	/jə̃p iãpã/	NA	hiė̃p yãpã	/hiə̃p iãpã/	yė̃p	rumput	grass	NA	rumput jepang	Japanese grass	NA	NA	NA	NA
50	hĩũ	y	NA	n	/hĩũ/	NA	NA	NA	NA	NA	NA	NA	buah	fruit	NA	NA	50.jpg	https://drive.google.com/file/d/1WCMOeOyFaI7yVunPPjqxtvm_ghODbrV7/view
51	hĩũ anima	NA	NA	n	/hĩũ anima/	NA	NA	NA	hĩũ	buah	fruit	NA	buah pandan	pandan fruit	NA	NA	51.jpg	https://drive.google.com/file/d/1S-bL9GRQx9PxtcVbQsmD-CIAG41M1UgW/view
52	hĩũ hiėb	NA	NA	n	/hjũ hiəb/	NA	NA	NA	hĩũ	buah	fruit	hiėb	terap (buah)	terap (fruit)	A type of fruit tree from the jackfruit tree genus (Artocarpus). The fruit is similar to a small jackfruit, with a strong fragrant smell, as reflected by its scientific name: Artocarpus odoratissimus	Sejenis pohon buah dari genus pohon nangka (Artocarpus). Buahnya mirip dengan nangka kecil, dengan bau harum yang kuat, seperti yang tercermin dari nama ilmiahnya: Artocarpus odoratissimus	NA	NA
53	yu'	NA	NA	n	/yuʔ/	NA	NA	NA	NA	NA	NA	NA	tangkai	stalk	NA	NA	NA	NA
54	yahe'	y	NA	n	/jaheʔ/	NA	iahe'	/jaheʔ/	NA	NA	NA	NA	jahe	ginger	NA	NA	NA	NA
55	yahaid	y	FALSE	n	/jahaid/	NA	yaher	/jaher/	NA	NA	NA	NA	susunan kerikil; karang yang disusun	stack of pebbles; arranged coral	NOT FLORA	NA	NA	NA
56	kabėd iok	NA	NA	n	/kabəd iok/	NA	NA	NA	kabėd	beringin hutan yang memiliki daun sedikit lebar	forest fig trees with slightly broader leaves	yakãkã	beringin pantai	banyan beach	NA	NA	NA	NA
57	yãkãh	y	NA	n	/iakah/	NA	NA	NA	NA	NA	NA	NA	gagang	stem; handle	NA	NA	NA	NA
58	iakãkã	NA	FALSE	n	/jakãkã/	NA	NA	NA	NA	NA	NA	yẽãp	beringin akar gantung	banyan with hanging roots	NA	NA	NA	NA
59	yãkõ	y	NA	n	/jãkõ/	NA	iakõ	/jakõ/	NA	NA	NA	NA	jagung	corn	NA	NA	NA	NA
60	amai	y	FALSE	n	/amaj/	NA	iamai	/iamaj/	NA	NA	NA	NA	tebu	sugarcane	DUPLICATE	NA	NA	NA
61	jekor	y	NA	n	/jekor/	NA	yekor	/jekor/	NA	NA	NA	NA	jengkol	blackbead; dogfruit	NA	NA	NA	NA
62	yi' ku	NA	NA	n	/jiʔ ku/	NA	ii' ku	/hiʔ ku/	yi'	pantat	buttocks	NA	bongkol kayu	wood stump	NA	NA	NA	NA
63	it	y	NA	n	/it/	NA	NA	NA	NA	NA	NA	NA	pisang	banana	NA	NA	NA	NA
64	it kama'ian	NA	NA	n	/it kamaʔjan/	NA	NA	NA	it	pisang	banana	NA	spesies pisang lokal Enggano yang memiliki buah agak kecil. Daun pisang ini digunakan sebagai penangkal roh jahat dalam tradisi masyarakat Enggano	A local species of banana with small fruit; its leaves are used to repel evil spirits in Enggano culture	NA	NA	NA	NA
65	it kami	NA	NA	n	/it kami/	NA	NA	NA	it	pisang	banana	NA	pisang raja serai, pisang kemiu merah dan putih	raja serai banana, red and white kemiu banana	NA	NA	NA	NA
66	it ka'u hiėp	NA	NA	n	/it kaʔu hiəp/	NA	NA	NA	it	pisang	banana	NA	pisang obat sesak napas/harum manis	Bananas are a medicine for shortness of breath/sweet smell	NA	NA	NA	NA
67	it kehrok	NA	NA	n	/it kehrok/	NA	NA	NA	it	pisang	banana	NA	pisang jantan	male banana	Musa acuminata × M. balbisiana	Musa acuminata × M. balbisiana	NA	NA
68	it ki'ta	NA	NA	n	/it kiʔta/	NA	NA	NA	it	pisang	banana	NA	jenis pisang lama yang sudah tidak ada lagi	an old type of banana that no longer exists	NA	NA	NA	NA
69	it pio' ayam	NA	NA	n	/it pioʔ ajam/	NA	NA	NA	it	pisang	banana	NA	pisang tandang panjang buah kecil seperti paruh ayam	A long banana, a small fruit like a chicken's beak	NA	NA	NA	NA
70	it porbik	NA	NA	n	/it porbik/	NA	NA	NA	it	pisang	banana	NA	pisang ambon	Ambon banana	NA	NA	NA	NA
71	itor	NA	NA	n	/itor/	NA	NA	NA	NA	NA	NA	NA	teras	terrace	NA	NA	NA	NA
72	iuk	y	NA	n	/iuk/	NA	iũk	/iũk/	NA	NA	NA	NA	kulit	skin	NA	NA	NA	NA
73	ka'ah	y	NA	n	/kaʔah/	NA	NA	NA	NA	NA	NA	NA	Matoa/Kasai (Pometia pinnata) adalah tanaman yang tersebar luas di Asia Tenggara, Asia Selatan dan Melanesia. Pohon matoa berukuran relatif besar dengan tinggi rata-rata 18 meter dan diameter rata-rata maksimum 100 cm.	Matoa (Pometia pinnata) is a plant that is widely distributed in Southeast Asia, South Asia and Melanesia. Matoa trees are relatively large with an average height of 18 meters and a maximum average diameter of 100 cm.	NA	NA	NA	NA
74	ka'ah	y	FALSE	n	/kaʔah/	NA	NA	NA	NA	NA	NA	NA	Matoa Enggano/kasai (jenis kayu)	Matoa Enggano/kasai (tree species)	Matoa (Pometia pinnata) is a plant that is widely distributed in Southeast Asia, South Asia and Melanesia. Matoa trees are relatively large with an average height of 18 meters and a maximum average diameter of 100 cm.	Matoa (Pometia pinnata) adalah tanaman yang tersebar luas di Asia Tenggara, Asia Selatan dan Melanesia. Pohon matoa berukuran relatif besar dengan tinggi rata-rata 18 meter dan diameter rata-rata maksimum 100 cm.	NA	NA
75	kabėd	y	NA	n	/kabəd/	NA	NA	NA	NA	NA	NA	yakãkã	beringin hutan yang memiliki daun sedikit lebar	forest fig trees with slightly broader leaves	kakã	kakã	NA	NA
76	katã	NA	NA	n	/katã/	NA	NA	NA	NA	NA	NA	kãtã	kacang panjang	long beans	NA	NA	NA	NA
77	kadaka'	NA	NA	n	/kadakaʔ/	NA	NA	NA	NA	NA	NA	NA	kadaka	kadaka	NA	NA	NA	NA
78	kaha'iė'ėa'	NA	NA	Quantifier	/kahaʔiəʔəaʔ/	NA	NA	NA	NA	NA	NA	hã'ũ	seikat	a bunch of	NA	NA	NA	NA
79	kaha'iu'	NA	NA	Quantifier	/kahaʔiuʔ/	NA	NA	NA	NA	NA	NA	hã'ũ	setandan	a bunch of	usually for banana	biasanya untuk pisang	NA	NA
80	kahẽ	NA	FALSE	n	/kahẽ/	NA	NA	NA	NA	NA	NA	NA	ubur-ubur	jellyfish	NOT FLORA	NA	NA	NA
81	kakitau	NA	NA	Quantifier	/kakitaw/	NA	NA	NA	NA	NA	NA	hã'ũ	sesisir	a bunch of	usually for banana	biasanya untuk pisang	NA	NA
82	kãkõ	y	NA	n	/kãkõ/	NA	kakõ	/kakõ/	NA	NA	NA	NA	kangkung	water spinach	NA	NA	NA	NA
83	kõ'kã'	y	NA	n	/kõʔkãʔ/	NA	ka'kõã'	/kaʔkõãʔ/	NA	NA	NA	NA	biji	seed	NA	NA	NA	NA
84	kamak	NA	NA	n	/kamak/	NA	NA	NA	NA	NA	NA	NA	tembakau	tobacco	NA	NA	NA	NA
85	kapã	NA	NA	n	/kapã/	NA	NA	NA	NA	NA	NA	atam	asam kandis	kandis tamarind	Asam Kandis (Garcinia xanthochymus) belongs to a group of trees whose leaves are evergreen, meaning they do not shed their leaves in autumn.	Asam Kandis (Garcinia xanthochymus) termasuk dalam kelompok pohon yang daunnya selalu hijau, yang berarti tidak menggugurkan daunnya di musim gugur.	NA	NA
86	kapareak	y	NA	n	/kapareak/	NA	kaparea'	/kapareaʔ/	NA	NA	NA	NA	daun pisang kering/mati	dried/dead banana leaves	NA	NA	NA	NA
87	kapaer	y	NA	n	/kapaer/	NA	kaper	/kaper/	NA	NA	NA	NA	pepaya	papaya	NA	NA	NA	NA
88	ka'por apara	NA	NA	n	/kaʔpor apara/	NA	NA	NA	NA	NA	NA	NA	bagian batang anggrek hutan yang membesar yang digunakan sebagai obat sakit mata.	Enlarged parts of forest orchids' stems used to treat eye pain	flower hump orchids like chicks	anggrek punuk bunga seperti anak ayam	NA	NA
89	kapo'	NA	NA	n	/kapoʔ/	NA	NA	NA	NA	NA	NA	NA	kapuk	kapok	NA	NA	NA	NA
90	ka'pũk	NA	NA	n	/kaʔpũk/	NA	NA	NA	NA	NA	NA	NA	semak	bush	NA	NA	NA	NA
91	karepor	NA	FALSE	n	/karepor/	karepor_1	NA	NA	NA	NA	NA	NA	jamur	mold	NA	NA	NA	NA
92	karepor	NA	NA	n	/karepor/	karepor_2	NA	NA	NA	NA	NA	NA	lumut	moss	NA	NA	NA	NA
93	kariri	NA	NA	n	/kariri/	NA	NA	NA	NA	NA	NA	NA	kuncup (runcing)	bud (pointed)	NA	NA	NA	NA
94	kãtã	y	NA	n	/kãtã/	NA	NA	NA	NA	NA	NA	NA	kacang	peanut	NA	NA	NA	NA
95	kė'	y	FALSE	v	/kəʔ/	NA	NA	NA	NA	NA	NA	NA	menanam	plant	DUPLICATE	NA	NA	NA
96	kẽ	NA	NA	n	/kɛ̃/	NA	NA	NA	NA	NA	NA	NA	jeruk	orange	NA	NA	NA	NA
97	kė' ku	NA	NA	n	/kəʔ ku/	NA	NA	NA	akė	patah	broken	NA	cabang	branch	NA	NA	NA	NA
98	kėd	NA	NA	n	/kəd/	NA	NA	NA	NA	NA	NA	NA	umbi	tubers	NA	NA	NA	NA
99	kė'ėh	y	NA	n	/kəʔəh/	kė'ėh_1	NA	NA	kė'	menanam	plant	NA	tanaman; tumbuhan	plant	NA	NA	NA	NA
100	kė'ėh	NA	FALSE	n	/kəʔəh	kė'ėh_2	NA	NA	NA	NA	NA	NA	tumbuhan	plant	NA	NA	NA	NA
101	kė'ėic	NA	NA	n	/kəʔəic/	NA	NA	NA	NA	NA	NA	dih	tunas	shoots	NA	NA	NA	NA
102	kekeb	NA	NA	n	/kekeb/	NA	NA	NA	NA	NA	NA	NA	lamun atau jeramun	seagrass	NA	NA	102.jpg	https://drive.google.com/file/d/1S0V9pImlQtUJA73bhnSQ9JA6mbN-niWO/view
103	kida'aur	NA	NA	n	/kidaʔaur/	NA	NA	NA	NA	NA	NA	NA	ketaping hutan	forest catfish	NA	NA	NA	NA
104	kibo	NA	NA	n	/kibo/	NA	NA	NA	NA	NA	NA	NA	timba air dari pelepah nibung	draw water from the stem of the nibung	NA	NA	NA	NA
105	kĩhĩ	y	NA	n	/kĩhĩ/	NA	kihĩ	/kihĩ/	NA	NA	NA	NA	rotan halus; rotan cacing; Rotan Seuti (Calamus ornatus Blume)	small pieces of rattan; warm rattan	NA	NA	NA	NA
106	kihiur	y	NA	n	/kihiu̇r/	kihiur_1	NA	NA	NA	NA	NA	po	daun kelapa kering	dry coconut leaves	NA	NA	NA	NA
107	kihiur	y	NA	n	/kihiu̇r/	kihiur_2	NA	NA	NA	NA	NA	po	lidi	stick	NA	NA	NA	NA
108	kikoh	y	NA	n	/kikoh/	NA	NA	NA	NA	NA	NA	NA	ubi kayu; ketela	cassava	NA	NA	NA	NA
109	kikõm	NA	NA	v	/kikõm/	NA	NA	NA	NA	NA	NA	NA	merayap	creeping	NA	NA	NA	NA
110	kinau	NA	NA	n	/kinaw/	kinau_1	NA	NA	NA	NA	NA	NA	tanaman rimpang yang daunnya digunakan oleh masyarakat enggano sebagai pembungkus nasi	A rhizome plant whose leaves are used by the Enggano people to wrap rice	NA	NA	NA	NA
111	kinau	NA	FALSE	n	/kinaw/	kinau_2	NA	NA	NA	NA	NA	NA	tanaman seperti kunyit buahnya dimakan	plants such as turmeric whose fruit is eaten	NA	NA	NA	NA
112	kinu'ik	NA	NA	n	/kinuʔik/	NA	NA	NA	NA	NA	NA	NA	kuncup	bud	NA	NA	NA	NA
113	kipurik	NA	FALSE	v	/kipurik/	NA	NA	NA	purik	tumbuh	grow	NA	tumbuh	grow	DUPLICATE	NA	NA	NA
114	kira'aud	NA	NA	n	/kiraʔaur/	NA	NA	NA	NA	NA	NA	NA	ketapang digunakan untuk membuat sampan	Ketapang that is used to make canoes	NA	NA	NA	NA
115	kite	y	NA	n	/kite/	NA	NA	NA	NA	NA	NA	NA	kayu merbau	merbau tree	NA	NA	NA	NA
116	nono ep	NA	NA	n	/nono ɛp/	NA	NA	NA	none'e	pelepah nibung	nibung tree branch	kõ' põ	pelepah nibung	nibung midrib	NA	NA	NA	NA
117	kõ' põ	NA	NA	n	/kõʔ pɔ̃/	NA	NA	NA	po	kelapa	coconut	NA	pelepah kelapa	midrib	NA	NA	NA	NA
118	kõ'ĩã	y	NA	n	/kõʔj̃ã/	NA	kõ'ia	/kõʔja/	NA	NA	NA	NA	melinjo	melinjo (a gnetum nut-tree species)	NA	NA	118.jpg	https://drive.google.com/file/d/1S0wSnX2A9sl6psgEd96zSbmU30sXQKA7/view
119	kõ'kõ'	y	NA	n	/kõʔkõʔ/	NA	NA	NA	NA	NA	NA	NA	nipah	nipa palm	NA	NA	119.jpg	https://drive.google.com/file/d/1SCNDUYxTYDUr-G1SUBhfZuIjIRwQkkhq/view
120	kopar ha'ku	NA	NA	n	/kopar haʔku/	NA	NA	NA	NA	NA	NA	NA	anggrek	orchid	NA	NA	NA	NA
121	ku ba'au	NA	NA	n	/ku baʔaw/	NA	NA	NA	ku	kayu	wood	ba'au	jambu hutan	forest guava	NA	NA	NA	NA
122	ku ba'au ha'ku	NA	NA	n	/ku baʔau haʔku/	NA	NA	NA	ku	kayu	wood	ba'au	kayu untuk tiang rumah	wood for house poles	NA	NA	NA	NA
123	ku bėdėa	NA	NA	n	/ku bədəa/	NA	NA	NA	ku	kayu	wood	NA	jenis kayu yang digunakan untuk membuat sampan	the type of wood used to make the canoe	NA	NA	NA	NA
124	ku do'bed	NA	NA	n	/ku doʔbed/	NA	NA	NA	ku	kayu	wood	NA	jenis kayu hutan	types of forest wood	NA	NA	NA	NA
125	ku ėa	NA	NA	n	/ku əa/	NA	NA	NA	ku	kayu	wood	NA	sejenis kayu hutan dipakai untuk papan cor	a type of forest wood used for cast boards	NA	NA	NA	NA
126	ku heop heop	NA	NA	n	/ku heop heop/	NA	NA	NA	ku	kayu	wood	NA	sape	sape	NA	NA	NA	NA
127	ku iaik	NA	NA	n	/ku jaik/	NA	NA	NA	ku	kayu	wood	NA	jenis kayu untuk membuat pondok	types of wood for making huts	NA	NA	NA	NA
128	ku iėhė	NA	NA	n	/ku iəhə/	NA	NA	NA	ku	kayu	wood	NA	jenis kayu yang digunakan untuk papan rumah yang muncul motif jika dipelitur; kayu untuk sambungan bibir sampan	the type of wood used for house boards that appear motifs when polished; wood for connecting the canoe's lip	NA	NA	NA	NA
129	ku iėhė	NA	FALSE	n	/jəhə/	NA	NA	NA	ku	kayu	wood	NA	NA	NA	NA	NA	NA	NA
130	ku iėr	NA	NA	n	/ku iər/	NA	NA	NA	ku	kayu	wood	NA	mengkudu	noni	NA	NA	NA	NA
131	ku ka'ah	y	NA	n	/ku kaʔah/	NA	NA	NA	ka'ah	Matoa Enggano/kasai (jenis kayu)	Matoa Enggano/kasai (tree species)	NA	kayu kasai (jenis kayu hutan)	kind of fragrant tree (types of forest wood)	NA	NA	NA	NA
132	ku kara'a	NA	NA	n	/ku karaʔa/	NA	NA	NA	kara'a	sejenis kayu	a kind of tree	NA	kayu darah	bloodwood	getah merah	red sap	NA	NA
133	ku ke'eok	NA	NA	n	/ku keʔeok/	NA	NA	NA	ku	kayu	wood	NA	waru	Waru	NA	NA	NA	NA
134	ku kiko'ok	NA	NA	n	/ku kikoʔok/	NA	NA	NA	ku	kayu	wood	NA	kayu bahan rumah, kulitnya berwarna kuning	house wood, the skin is yellow	NA	NA	NA	NA
135	ku kũã'ãu	NA	NA	n	/kũwãʔãw/	NA	NA	NA	ku	kayu	wood	NA	Tanaman perdu yang tumbuh di pesisir pantai Enggano yang daunnya berfungsi sebagai obat penangkal racun yang diakibatkan oleh sengatan ubur-ubur.	A shrub growing on the coast of Enggano Island whose leaves serve as an antidote for poison caused by jellyfish stings	NA	NA	NA	NA
136	ku mom	NA	NA	n	/ku mom/	NA	NA	NA	ku	kayu	wood	ku ba'au	jambu hutan	forest guava	NA	NA	NA	NA
137	ku na'inė	NA	NA	n	/ku naʔinə/	NA	NA	NA	na'inė	tanaman yang digunakan untuk tari adat	plants used for clothing in the traditional dances	NA	kayu hutan	forest wood	NA	NA	NA	NA
138	ku na'inė	NA	FALSE	n	/ku naʔinə/	NA	NA	NA	ku	kayu	wood	NA	kayu hutan	forest wood	NA	NA	NA	NA
139	ku na'õã	NA	NA	n	/ku naʔõã/	NA	NA	NA	ku	kayu	wood	NA	kenanga	kenanga	NA	NA	NA	NA
140	ku pakari'ah	NA	NA	n	/ku pakari'ah/	NA	NA	NA	ku	kayu	wood	NA	pohon kondang makanan burung	famous bird food tree	NA	NA	NA	NA
141	ku pupua	NA	NA	n	/ku pupua/	NA	NA	NA	ku	kayu	wood	NA	jenis kayu hutan yang menjulang tinggi buahnya seperti potongan ikan lumba-lumba	a type of forest wood that has towering fruit like pieces of dolphin fish	NA	NA	NA	NA
142	ku pĩ'	NA	NA	n	/ku pĩʔ/	NA	NA	NA	ku	kayu	wood	NA	sejenis kayu hutan	a kind of forest wood	NA	NA	NA	NA
143	ku pi'kėh	NA	NA	n	/ku piʔkəh/	NA	NA	NA	ku	kayu	wood	NA	kayu untuk kasau	wood for rafters	NA	NA	NA	NA
144	ku pikoror	NA	FALSE	n	/ku pikoror/	NA	NA	NA	ku	kayu	wood	NA	sejenis kayu hutan yang getahnya berwarna merah	a type of forest wood whose sap is red	NA	NA	144.jpg	https://drive.google.com/file/d/1SFIlmIjdzh3tzTMgpOzO23ybmvooY1TV/view
145	ku pokoror	NA	NA	n	/ku pokoror/	NA	NA	NA	ku	kayu	wood	NA	sejenis kayu hutan yang getahnya berwarna merah	a type of forest wood whose sap is red	NA	NA	NA	NA
146	ku punin	NA	NA	n	/ku punin/	NA	NA	NA	ku	kayu	wood	NA	kayu putih	eucalyptus	for firewood	untuk kayu api	NA	NA
147	ku umih	NA	NA	n	/ku u:mih/	NA	NA	NA	ku	kayu	wood	NA	jenis kayu hutan yang berbatang lurus dan bergetah merah. Kayu dari pohon ini dapat digunakan untuk papan dan getahnya digunakan unutk pewarna kuku	a type of forest wood that has straight trunks and red gum. The wood of this tree can be used for boards and the sap is used to dye nails	NA	NA	147.jpg	https://drive.google.com/file/d/1SGpz6k2BU9n4mkwtOyjue1pNjjdPTU8j/view
148	kuahai	NA	NA	n	/kuahaj/	NA	NA	NA	NA	NA	NA	NA	karang jari	finger coral	NA	NA	NA	NA
149	dobah	NA	NA	n	/dobah/	NA	NA	NA	NA	NA	NA	dobah	tanaman perdu	shrub plantations	NA	NA	NA	NA
150	ku'eob	NA	NA	n	/kuʔeob/	NA	NA	NA	NA	NA	NA	NA	bintangor	Bintangor	the fruit is eaten by pigs	buahnya dimakan babi (eob), bemuk babi makannya	NA	NA
151	kũ'ui' po	NA	NA	n	/kũʔuiʔ pɔ/	NA	NA	NA	po	kelapa	coconut	epo	putik kelapa	coconut pistil	NA	NA	NA	NA
152	kũk	NA	NA	n	/kũk/	NA	NA	NA	NA	NA	NA	yãkãh	batang	stem	NA	NA	NA	NA
153	kũk ku	NA	NA	n	/kũk ku/	NA	NA	NA	kũk	batang	stem	NA	pohon	tree	NA	NA	NA	NA
154	kũk po	NA	NA	n	/kũʔ pɔ/	NA	NA	NA	po	kelapa	coconut	epo	batang kelapa	coconut trunk	NA	NA	NA	NA
155	kuneh	NA	NA	n	/kuneh/	NA	NA	NA	NA	NA	NA	NA	tanaman pagar	hedgerows	NA	NA	NA	NA
156	kuyit	y	NA	n	/kujit/	NA	kuni'	/kuniʔ/	NA	NA	NA	NA	kunyit	turmeric	NA	NA	NA	NA
157	pururu kahõk	NA	NA	n	/pururu kahõk/	NA	NA	NA	puru	daun	leaf	anima	daun pandan	Pandan leaves	NA	NA	157.jpg	https://drive.google.com/file/d/1SHpEMgTJmsJ9sGbDw7xep6AW1aKhHMm3/view
158	manimi	NA	NA	n	/manimi/	NA	NA	NA	NA	NA	NA	NA	belimbing	star fruit	NA	NA	NA	NA
159	muo	y	NA	n	/muo/	NA	mũo	/mũo/	NA	NA	NA	NA	bunga	flower	NA	NA	NA	NA
160	mũo ka'man	NA	NA	n	/mũo kaʔman/	NA	NA	NA	muo	bunga	flower	NA	mawar	rose	NA	NA	NA	NA
161	muõ roh	NA	NA	n	/roh/	NA	NA	NA	muo	bunga	flower	NA	bougenville	bougainvillea	NA	NA	NA	NA
162	na'inė	y	NA	n	/naʔinə/	NA	NA	NA	NA	NA	NA	NA	tanaman yang digunakan untuk tari adat	plants used for clothing in the traditional dances	NA	NA	162.jpg	https://drive.google.com/file/d/1SIcw4ZxFS3R1yTXA7FjGlxtYBU_f_sBY/view
163	na'inė eo	NA	NA	n	/naʔinə eo/	NA	NA	NA	na'inė	tanaman yang digunakan untuk tari adat	plants used for clothing in the traditional dances	NA	putat air	water putat	NA	NA	NA	NA
164	nanah	NA	NA	n	/nanah/	NA	NA	NA	NA	NA	NA	NA	nanas	pineapple	NA	NA	NA	NA
165	onje'	NA	NA	n	/ondʒeʔ/	NA	NA	NA	NA	NA	NA	NA	kecombrang	combrang	NA	NA	NA	NA
166	pakihiėb	y	NA	n	/pakihiəb/	NA	pakihiėm	/pakihiəm/	NA	NA	NA	NA	bakung; tanaman perdu yang digunakan sebagai pakaian adat dalam tari perang	daffodil	NA	NA	NA	NA
167	paku	NA	NA	n	/paku/	NA	NA	NA	NA	NA	NA	pakis	pakis	fern	NA	NA	NA	NA
168	pate	NA	NA	n	/pate/	NA	NA	NA	NA	NA	NA	NA	petai	petai	NA	NA	NA	NA
169	pė'ėa	NA	FALSE	n	/pəʔəa/	NA	NA	NA	NA	NA	NA	NA	sejenis palem yang dapat digunakan untuk membuat kursi	a type of palm that can be used to make chairs	NA	NA	NA	NA
170	pė'ėa' i'i	NA	FALSE	n	/pəʔəa iʔi/	NA	NA	NA	NA	NA	NA	NA	rotan parut	shredded rattan	NA	NA	NA	NA
171	pė'ėd	NA	NA	n	/pəʔəd/	NA	NA	NA	NA	NA	NA	NA	waru, tanaman perdu yang bunganya berwarna kuning dan digunakan sebagai obat bisul	Waru, a shrub with yellow flowers, used as a remedy for boils	NA	NA	NA	NA
172	pė̃kã po	NA	FALSE	n	/pə̃kã po/	NA	NA	NA	pėkã	seludung kelapa/pelepah	spathe	NA	pelepah mayang	coconut spathe	NA	NA	NA	NA
173	ping	NA	NA	n	/piŋ/	NA	pĩ	/pĩ/	NA	NA	NA	NA	emping	emping cracker	NA	NA	NA	NA
174	pik	NA	NA	n	/pik/	NA	NA	NA	NA	NA	NA	NA	manggis	mangosteen	NA	NA	NA	NA
175	pina	y	NA	n	/pina/	NA	NA	NA	NA	NA	NA	NA	pinang	betel nut	NA	NA	NA	NA
176	pit	y	NA	n	/pit/	NA	NA	NA	NA	NA	NA	NA	sejenis getah	a kind of sap	NA	NA	NA	NA
177	pit hiėb	NA	NA	n	/pit hiəb/	NA	NA	NA	pit	sejenis getah	a kind of sap	NA	getah terap	terap (i.e., breadfruit-like) rubber	NA	NA	NA	NA
178	po kinok	NA	NA	n	/pɔ kinok/	NA	NA	NA	po	kelapa	coconut	NA	kopra	copra	NA	NA	NA	NA
179	porpi'	y	NA	n	/porpiʔ/	NA	NA	NA	NA	NA	NA	NA	bungkusan untuk rokok linting dari daun nipah kering	hand-rolled cigarette paper from dried nipa palm leaves	NA	NA	NA	NA
180	pũ'ėa' i'i	NA	FALSE	n	/pũ əʔəaʔ iʔi/	NA	NA	NA	NA	NA	NA	kĩhĩ	rotan kasar manau/kertas	Manau coarse rattan/paper	NA	NA	NA	NA
181	pu̇'ėa'i'i	NA	FALSE	n	/pu̇ʔəaʔiʔi/	NA	NA	NA	NA	NA	NA	pu'a	rotan kertas	paper rattan	NA	NA	NA	NA
182	puk it	NA	NA	n	/puk it/	NA	NA	NA	puk	pusar	navel	NA	jantung pisang (lit. pusar pisang)	banana blossom (lit. the navel of the banana)	NA	NA	NA	NA
183	purar	NA	FALSE	n	/purar/	NA	NA	NA	NA	NA	NA	duri'	duri ikan	fish bone	NOT FLORA	NA	NA	NA
184	puru kitoh	NA	NA	n	/puru kitoh/	NA	NA	NA	puru	daun	leaf	kitoh	jenis tanaman rimpang bertulang daun sejajar yang daunnya digunakan sebagai pembungkus nasi	A type of rhizome plant with parallel-veined leaves, used to wrap rice	NA	NA	NA	NA
185	puru pė'ėr	NA	NA	n	/puru pəʔər/	NA	NA	NA	puru	daun	leaf	pururu	daun waru	hibiscus leaves	NA	NA	NA	NA
186	pururu	NA	NA	n	/pururu/	NA	NA	NA	puru	daun	leaf	NA	daun	leaf	NA	NA	NA	NA
187	pururu hiė̃b	NA	NA	n	/pururu hiə̃b/	NA	NA	NA	puru	daun	leaf	hiėb	daun terap	terap (i.e., breadfruit-like) leaves	NA	NA	NA	NA
188	pururu ka'kih	NA	NA	n	/pururu/ /kaʔkih/	NA	NA	NA	puru	daun	leaf	pururu	daun kering	dried leaves	NA	NA	NA	NA
189	pururu kõ'kõ'	NA	NA	n	/pururu kõ'kõ'/	NA	NA	NA	puru	daun	leaf	kõ'kõ'	daun nipah	palm leaves	NA	NA	NA	NA
190	seres	NA	NA	n	/seres/	NA	NA	NA	NA	NA	NA	NA	ceri	cherry	NA	NA	NA	NA
191	tabu̇da'	y	NA	n	/tabɨdaʔ/	NA	tabėda'	/tabədaʔ/	NA	NA	NA	NA	nangka	jackfruit	NA	NA	NA	NA
192	tarai	NA	NA	n	/tarai/	NA	NA	NA	NA	NA	NA	NA	serai	lemongrass	NA	NA	NA	NA
193	taru	y	NA	n	/taru/	NA	NA	NA	NA	NA	NA	NA	terong	eggplant	NA	NA	NA	NA
194	teke	y	NA	n	/tɛkɛ/	NA	NA	NA	NA	NA	NA	NA	cengkeh	cloves	NA	NA	NA	NA
195	tiri	y	NA	n	/tiri/	NA	NA	NA	NA	NA	NA	NA	sirih	betel	NA	NA	NA	NA
196	tũkun	NA	NA	n	/tũkun/	NA	NA	NA	NA	NA	NA	NA	sukun	breadfruit	NA	NA	NA	NA
197	ubi'	y	NA	n	/ubiʔ/	NA	NA	NA	NA	NA	NA	NA	nama sejenis salak	a kind of snakeskin fruit	NA	NA	197.jpg	https://drive.google.com/file/d/1SIrLTQBJGFVbmCaTyuOxOp297NYILPhE/view
198	udėp	y	NA	n	/udəp/	NA	NA	NA	NA	NA	NA	NA	talas	taro	NA	NA	NA	NA
199	sidukung ana'	NA	NA	n	/sidukung anaʔ/	jenis rumput	NA	NA	NA	NA	NA	NA	herbal jamu	herbal drink	NA	NA	NA	NA
200	iuk jekor	NA	FALSE	n	/iuk jekor/	NA	NA	NA	iuk	kulit	skin	jekor	kulit jengkol	husks of the blackbead/dog fruit	NA	NA	NA	NA
201	dih nan	NA	NA	n	/dih nan/	NA	NA	NA	dih	daun muda; pucuk	young leaf; shoots	dih kõ'kõ'	tanaman perdu yang memiliki daun lonjong berwarna hijau yang biasanya digunakan sebagai obat Malaria, nama lokal lainnya 'pucuk subang'	A shrub with elongated green leaves, commonly used as a malaria remedy, other local name is pucuk subang	It is used as a medicine for Malaria	Ini digunakan sebagai obat untuk Malaria	NA	NA
202	puk	y	NA	n	/puk/	NA	NA	NA	NA	NA	NA	NA	pusar	navel	NA	NA	NA	NA
203	kakė	y	FALSE	v	/kakə/	NA	NA	NA	NA	NA	NA	NA	patah	broken	NA	NA	NA	NA
204	purik	y	NA	v	/purik/	NA	NA	NA	NA	NA	NA	NA	tumbuh	grow	NA	NA	NA	NA
205	kara'a	y	NA	n	/karaʔa/	NA	NA	NA	NA	NA	NA	NA	sejenis kayu	a kind of tree	NA	NA	NA	NA
206	pėkã po	y	NA	n	/pəkã po/	NA	NA	NA	pėkã	pelepah/seludung	spathe	NA	pelepah/seludung kelapa	coconut spathe	NA	NA	NA	NA
207	yumu yi'kėh	NA	NA	n	/jumu jiʔkəh/	NA	NA	NA	NA	NA	NA	NA	pohon berdaun lebar yang daunnya seringkali digunakan masyarakat Enggano oleh masyarakat Enggano sebagai penutup bagian perut penyu setelah dibersihkan	A broad-leaved tree whose leaves are often used by the Enggano people to cover the cleaned belly of turtles	NA	NA	NA	NA
208	ku harah	NA	NA	n	/ku harah/	NA	NA	NA	ku	kayu	wood	NA	kayu harah atau kayu hutan tumbuh di pesisir pantai yang daunnya digunakan sebagai obat Malaria	Harah wood or forest wood growing on the coast, with leaves used as a malaria remedy	NA	NA	NA	NA
209	kanim	NA	NA	n	/kanim/	NA	NA	NA	NA	NA	NA	NA	tanaman perdu yang daunnya digunakan sebagai racun organik dalam menangkap ikan	A shrub whose leaves are used as an organic poison to catch fish	NA	NA	NA	NA
210	yakãkã	NA	NA	n	/jakãkã/	NA	NA	NA	NA	NA	NA	NA	beringin pantai memiliki akar gantung dengan daun kecil	Coastal fig trees with hanging roots and small leaves	NA	NA	NA	NA
211	yėp akoma'	NA	NA	n	/jəp akomaʔ/	NA	NA	NA	yė̃p	rumput	grass	NA	jenis rumput liar berakar serabut dan memiliki sistem geragih dalam perkembangbiakkannya. Rumput ini memiliki fungsi sebagai obat penangkal racun chilopoda seperti kelabang	A type of wild grass with fibrous roots and a stolon system in its growth, functioning as an antidote for centipede venom	NA	NA	NA	NA
212	kuni' bonglai	NA	NA	n	/kuniʔ boŋlaj/	NA	NA	NA	kuyit	kunyit	turmeric	NA	tumbuhan akar rimpang yang memiliki umbi seperti kunyit pada umumnya, tetapi digunakan sebagai penagkal roh jahat dalam kepercayaan masyarakat Enggano	A rhizome plant with turmeric-like roots, traditionally believed by the Enggano people to ward off evil spirits	NA	NA	NA	NA
213	kinamaki	NA	NA	n	/kinamaki/	NA	NA	NA	NA	NA	NA	NA	tanaman perdu yang tumbuh di hutan, memiliki bunga merah dan berkhasiat sebagai obat sesak napas	A shrub in the forest with red flowers that serve as a remedy for shortness of breath	NA	NA	NA	NA
214	pi'yeh	NA	NA	n	/piʔyeh/	NA	NA	NA	NA	NA	NA	NA	tanaman perdu memiliki bunga putih keunguan serta buah yang berwarna ungu tua ketika matang	A shrub with purple-white flowers and dark purple fruit when ripe	NA	NA	NA	NA
215	hori	NA	NA	n	/hori/	NA	NA	NA	NA	NA	NA	NA	tanaman perdu yang ada di hutan Enggano yang bermanfaat dalam pengobatan hordeolum atau bintil mata	A shrub in the Enggano forest beneficial for treating hordeolum or eye styes	NA	NA	NA	NA
216	kuni' iė'	NA	NA	n	/kuniʔ yiəʔ/	NA	NA	NA	kuyit	kunyit	turmeric	NA	kunyit atau kunir (Curcuma longa Linn. syn. Curcuma domestica Val.)	Turmeric or kunyit (Curcuma longa Linn., syn. Curcuma domestica Val.)	NA	NA	NA	NA
217	yara'	NA	NA	n	/jaraʔ/	NA	NA	NA	NA	NA	NA	NA	jarak	Castor plant	NA	NA	NA	NA
218	ku neh	NA	NA	n	/ku neh/	NA	NA	NA	ku	kayu	wood	NA	jenis kayu hutan yang seringkali digunakan oleh masyarakat Enggano sebagai tanaman pagar	A type of forest wood often used by the Enggano people as fencing plants	NA	NA	NA	NA
219	yėp kanokeh	NA	NA	n	/yəp kanokeh/	NA	NA	NA	yė̃p	rumput	grass	NA	jenis rumput liar yang memiliki daun kecil dan bunga berwarna putih dan ungu	A type of wild grass with small leaves and white-purple flowers	NA	NA	NA	NA
220	udėp ka'kėh	NA	NA	n	/udəp kaʔkəh/	NA	NA	NA	udėp	talas	taro	NA	keladi hitam	Black taro	NA	NA	NA	NA
221	udėp eo	NA	NA	n	/udəp eɔ/	NA	NA	NA	udėp	talas	taro	NA	keladi hijau yang dapat dijadikan bahan masakan/keladi rawah	Green taro, which can be used as cooking ingredients	NA	NA	NA	NA
222	kahũk	NA	NA	n	/kahũk/	NA	NA	NA	NA	NA	NA	NA	pandan wangi	Fragrant pandan	NA	NA	NA	NA
223	eyãp kakuni'	NA	NA	n	/ejãp kakuniʔ/	NA	NA	NA	yẽãp	akar	root	NA	akar kuning	yellow root	NA	NA	NA	NA
224	apua kahuroro	NA	NA	n	/apuwa kahuroro/	NA	NA	NA	yẽãp	akar	root	NA	jenis pohon apua	kind of apua tree	NA	NA	NA	NA
225	ku aro'or	NA	NA	n	/ku aroʔor/	NA	NA	NA	ku	kayu	wood	NA	Jenis kayu hutan berdaun lebar	Broad-leaved forest wood species	NA	NA	NA	NA
226	ba'au kerutu'	y	NA	n	/baʔaw kerutuʔ/	NA	NA	NA	ba'au	jambu	guava	NA	jambu biji	guava	NA	NA	NA	NA
227	cokla'	NA	NA	n	/t͡ʃoklaʔ/	NA	NA	NA	NA	NA	NA	NA	coklat	cacao	NA	NA	NA	NA
228	eiob-eiob	NA	NA	n	/ejob-ejob/	NA	NA	NA	NA	NA	NA	NA	kayu hutan berdaun lebar dan memiliki batang lurus	forest wood with broad leaves and having a straight trunk	NA	NA	NA	NA
229	it kėpo'	NA	NA	n	/it kəpoʔ/	NA	NA	NA	it	pisang	banana	NA	pisang kepok	kepok banana	NA	NA	NA	NA
230	ka'pã	NA	NA	n	/kaʔpã/	NA	NA	NA	NA	NA	NA	NA	jerangau	Acorus calamus	NA	NA	NA	NA
231	hĩũ ki'ion	NA	NA	n	/hiũ kiʔjon	NA	NA	NA	hĩũ	buah	fruit	NA	buah pohon ki'yon	the fruit of "“ki'yon”" tree	NA	NA	NA	NA
232	kahimėk	NA	NA	n	/kahimək/	NA	NA	NA	NA	NA	NA	NA	NA	NA	NA	NA	NA	NA
233	ku kari'ėr	NA	NA	n	/kariʔər	NA	NA	NA	ku	kayu	wood	kari'iė	jenis kayu hutan yang batangnya digunakan sebagai tombak, gagang kampak, dan lain sebagainya.	a type of forest wood whose stems are used as spears, axe handles, and so on.	NA	NA	NA	NA
234	kei' ku	NA	NA	n	/keiʔ ku/	NA	NA	NA	NA	NA	NA	NA	ubi hutan	forest yam	NA	NA	NA	NA
235	kėsendet	NA	NA	n	/kəsendet/	NA	NA	NA	NA	NA	NA	NA	ciplukan	Physalis Angulata	NA	NA	NA	NA
236	kida'aur	NA	NA	n	/kidaʔaur/	NA	NA	NA	NA	NA	NA	NA	jenis kayu hutan	forest wood species	NA	NA	NA	NA
237	ku dai'	NA	NA	n	/kudaiʔ/	NA	NA	NA	ku	kayu	wood	NA	jenis kayu hutan	forest wood species	NA	NA	NA	NA
238	ku ema	NA	NA	n	/ku ema/	NA	NA	NA	ku	kayu	wood	NA	jenis kayu hutan	forest wood species	NA	NA	NA	NA
239	iėr	NA	NA	n	/jər/	NA	NA	NA	NA	NA	NA	NA	mengkudu	pace	NA	NA	NA	NA
240	kũã'ãu	NA	FALSE	n	/kũãʔãw/	NA	NA	NA	NA	NA	NA	NA	kayu hutan	forest wood	NA	NA	NA	NA
241	kurur	NA	NA	n	/kurur/	NA	NA	NA	NA	NA	NA	NA	kundur	the wax gourd (Benincasa hispida)	NA	NA	NA	NA
242	kuni' bed	y	NA	n	/kuniʔ bed/	NA	NA	NA	kuyit	kunyit	turmeric	NA	kunyit/temulawak	turmeric	NA	NA	NA	NA
243	pakihiėp	NA	FALSE	n	/pakihiəp/	NA	NA	NA	NA	NA	NA	NA	tanaman perdu yang digunakan sebagai pakaian adat dalam tari perang	shrubs used as traditional clothing in war dance	NA	NA	NA	NA
244	pė'ėa' yi'i	NA	NA	n	/pəʔəaʔ jiʔi	NA	NA	NA	pu'a	rotan kasar	large rattan pieces	NA	Rotan Sanjat (Calamus paspalanthus Beccari)	a kind of rattan	NA	NA	NA	NA
245	pė'ėa'	NA	NA	n	/pəʔəaʔ	NA	NA	NA	NA	NA	NA	NA	Rotan Balubuk (Calamus burckianus Beccari)	a kind of rattan	NA	NA	NA	NA
246	pė'ėa' kĩhĩ	NA	NA	n	/pəʔəaʔ kihi/	NA	NA	NA	kĩhĩ	rotan halus; rotan cacing; Rotan Seuti (Calamus ornatus Blume)	small pieces of rattan; warm rattan	NA	Rotan Seuti (Calamus ornatus Blume)	a kind of rattan	NA	NA	NA	NA
247	pėk	y	NA	n	/pək/	NA	NA	NA	NA	NA	NA	NA	jenis kayu hutan	forest wood species	NA	NA	NA	NA
248	pi' kėh	NA	NA	n	/piʔkəh/	NA	NA	NA	NA	NA	NA	NA	jenis kayu hutan	forest wood species	NA	NA	NA	NA
249	siri-siri	NA	NA	n	/siri-siri/	NA	NA	NA	NA	NA	NA	NA	jenis tanaman hutan	forest plant species	NA	NA	NA	NA
250	yėhė	NA	NA	n	/jəhə/	NA	NA	NA	NA	NA	NA	NA	jenis kayu hutan	forest wood species	NA	NA	NA	NA
251	yohob	y	NA	n	/johob/	NA	NA	NA	NA	NA	NA	NA	jenis kayu hutan	forest wood species	NA	NA	NA	NA
252	ku ki'ion	NA	NA	n	/ku kiʔion/	NA	NA	NA	ku	kayu	wood	hĩũ ki'ion	jenis kayu hutan	forest wood species	NA	NA	NA	NA
